format,accuracy,time_ms,size_mb
FP32 .pth,0.9882,33.53626728,1.612307549
INT8 .pth,0.988,34.20299053,0.461794853
ONNX,0.9882,9.648981094,1.610441208
